id;title;description;active;type;reward_info;created_date;contest_id
1;mobile Fish;Home Loan Account Table Computer;false;FOLLOW_BUSINESS;deposit Tasty Metal Bacon Implementation;2019-07-05T13:07:25;18182
2;Soap methodology Albania;Home Namibia;false;SELFIE;Common;2019-07-04T18:17:54;61838
3;syndicate;Mississippi Refined Rubber Chicken Table;false;BILLUPLOAD;South Dakota envisioneer Music;2019-07-05T07:36:03;68423
4;infomediaries;Investment Account;true;QUIZ;Digitized invoice;2019-07-05T05:39:41;42515
5;sky blue Georgia;Facilitator;true;BILLUPLOAD;capacitor archive;2019-07-04T23:27:07;19598
6;Tasty Plastic Pizza scale;South Georgia and the South Sandwich Islands;true;CHECKIN;Plastic;2019-07-04T17:53:23;16526
7;Industrial;index orange;false;QUIZ;monitor 1080p Checking Account;2019-07-04T14:54:41;35846
8;Frozen IB;Highway Ergonomic;false;CODE_HUNT;pixel withdrawal;2019-07-04T15:50:58;56124
9;embrace Developer;synthesize Idaho compress;false;BILLUPLOAD;Small partnerships;2019-07-05T08:18:04;3142
10;withdrawal knowledge base Buckinghamshire;Concrete Investment Account Saint Lucia;false;QUIZ;neutral Salad;2019-07-04T14:49:47;62435
